Ingredient,Best Matching Trader Joe's Item
Ingredient,Best Matching Trader Joe's Item
'',none
lemon rind,Organic 100% Sicilian Lemon Juice
Berries,Organic Strawberries 1 Lb
Green onion,Green Onions
limes,none
strawberries,Strawberries 1 Lb
ancho chile powder,Chile Seasoned Dried Mango
Flour,Unbleached Enriched All-Purpose Flour
cane sugar,Organic Cane Sugar
coriander,none
bell pepper,Organic Tri-Color Bell Peppers
Bean Thread Noodles,none
half and half,none
ground beef,Ground Beef 80% lean /20% fat
Cooked white rice,Calrose Rice
Pizza Dough,Gluten Free Pizza Dough
eggplant,Grecian Style Eggplant with Tomatoes & Onions
duck liver,none
bean sprouts,Mung Bean Sprouts
wasabi paste,none
oil-packed anchovy fillets,none
chilli powder,Chili Powder
Peanut Butter,Organic Peanut Butter
jack cheese,none
Pancetta,none
scallops,Sea Scallops
saffron,none
egg,Organic Pasture Raised Large Brown Eggs
Bananas,Organic Bananas
low sodium chicken stock,Organic Free Range Chicken Broth
focaccia bread,Focaccia Bread with Roasted Tomato & Parmesan
garlic powder,Garlic Powder
wonton wrappers,none
hoisin sauce,Hoisin Sauce
pork ribs,none
turkey gravy,none
mint leaves,none
cardamom,none
whole wheat flour tortillas,Carb Savvy Tortillas made with Whole Wheat
chili powder,Chile Powder
basmati rice,Organic Basmati Rice
low-sodium vegetable broth,Organic Hearty Vegetable Broth
Yoghurt,Greek Whole Milk Yogurt Plain
penne rigate,Italian Penne Rigate
tofu,Organic Firm Tofu
Cheese,Cheese & Green Chile Tamales
pecans,Candied Pecans
cherry tomatoes,Campari Tomatoes
swiss cheese,none
Butter,Cultured Salted Butter
chicken breast tenders,All Natural Pasture Raised Heirloom Chicken Breasts
White Vinegar,Organic Raw Apple Cider Vinegar
white bread,White Sliced Bread
courgette,none
reduced-sodium soy sauce,Soy Sauce Reduced Sodium
Mushrooms,Shiitake Mushrooms
bell peppers,Organic Tri-Color Bell Peppers
banana peppers,none
medjool date,none
2% milk,none
sugar,Organic Cane Sugar
Ground Pepper,Black Peppercorns with Grinder
Romaine lettuce,Romaine Hearts
raspberries,Freeze Dried Raspberries
Pecans,Candied Pecans
honey ham,none
Cilantro,none
tomato paste,Organic Tomato Paste
celery leaves,none
hummus,Mediterranean Style Hummus
breadcrumbs,none
pizza dough,Gluten Free Pizza Dough
Pizza Sauce,Pizza Sauce
peppers,Organic Tri-Color Bell Peppers
White Sugar,Organic Cane Sugar
fontina cheese,none
red cabbage,Purple Cabbage
Chili,Chile Seasoning Blend
Fuji apple,none
snow peas,Sugar Snap Peas
extra virgin olive oil,Sicilian Selezione Extra Virgin Olive Oil
red bell pepper,Organic Red Bell Peppers
beef chuck,Choice Premium Angus Beef Flank Steak
celery,none
lemon pepper,none
crushed red chile flakes,Chile Flakes
purple cabbage,none
almonds,Raw Almonds
beer,none
Kalamata olives,Jumbo Pitted Greek Kalamata Olives
Jasmine Rice,Jasmine Rice From Thailand
All-purpose Flour,Unbleached Enriched All-Purpose Flour
Honey,Multi-Floral & Clover Honey
vanilla,Vanilla Bean Whole Milk Greek Yogurt
sea scallops,Sea Scallops
zucchini,none
english muffins,Whole Wheat English Muffins
Oysters Sauce,none
cranberry sauce,Organic Cranberries
tamarind,none
white pepper,none
Red Wine Vinegar,Organic Red Wine Vinegar
roast turkey,Organic Free Range Oven Roasted Turkey Breast
Tandoori Paste,none
flank steak,Choice Premium Angus Beef Flank Steak
whole wheat pastry flour,none
tortilla,Tortilla Española
chicken or beef stock,Organic Free Range Chicken Broth
chanterelle,none
plain Greek yogurt,Plain Greek Yogurt
corn flour,none
Yukon Gold potatoes,none
Granny Smith apples,none
diced tomatoes,Organic Diced & Fire Roasted Tomatoes with Green Chiles
bechamel,none
sesame oil,Sesame Oil
oyster,none
kosher salt,none
turmeric,none
Ginger,none
lettuce,Little Gem Lettuce
dried oregano,none
whole tomatoes,Organic Whole Peeled Tomatoes with Basil Leaf
Quick Bread Mix,Celebration Cake & Baking Mix
skirt steak,Choice Premium Angus Beef Flank Steak
Strawberries,Strawberries 1 Lb
kidney beans,Organic Black Beans
Pepper,Black Peppercorns with Grinder
Tamarind,none
Lemon Grass,none
light cream,none
white wine,none
serrano chilies,none
ginger,none
thyme,none
whole Tomatoes,Organic Whole Peeled Tomatoes with Basil Leaf
Lime,none
mushrooms,Shiitake Mushrooms
corn tortilla,Organic Stone Ground Yellow Corn Taco Shells
Worcestershire sauce,none
avocados,Avocados
russet potatoes,Russet Potatoes
firm tofu,Organic Firm Tofu
coconut milk,Organic Coconut Milk
freshly squeezed orange juice,none
Black Pepper,Black Peppercorns with Grinder
jalapeno,none
chervil,none
ice,none
anchovy fillets,none
condensed cream of mushroom soup,none
fresh dill,none
squash,Delicata Squash
dough,none
sparkling water,none
Mung Bean Sprouts,Mung Bean Sprouts
chicken cutlets,none
salad dressing,Green Goddess Salad Dressing
vegetables,none
angel hair pasta,none
Italian seasoning,Italian Seasoning
sesame,none
gouda,1000 Day Gouda Cheese
shallot,none
whole wheat English muffins,Whole Wheat English Muffins
pepper,Black Peppercorns with Grinder
bagels,Everything Bagels
grated nutmeg,none
almond extract,none
Cumin,none
chicken breasts,All Natural Pasture Raised Heirloom Chicken Breasts
savoy cabbage,none
Extra-virgin olive oil,Sicilian Selezione Extra Virgin Olive Oil
wine,none
gluten free flour,Gluten Free All-Purpose Baking Flour
white mushrooms,Shiitake Mushrooms
Ricotta cheese,Traditional Whole Milk Ricotta Cheese
mozzarella cheese,Fresh Mozzarella Cheese Log
Garlic Powder,Garlic Powder
marjoram,none
Sesame Oil,Sesame Oil
Coconut Milk,Organic Coconut Milk
Hoisin Sauce,Hoisin Sauce
potato starch,none
red chili flakes,Chile Flakes
summer squash,Delicata Squash
chili beans,none
red pepper flake,Chile Flakes
bread flour,All Purpose Baking Flour
Cocoa,none
Romaine Lettuce,Romaine Hearts
red-pepper flakes,Chile Flakes
shallots,none
Vegetable oil,none
bacon,Fully Cooked Uncured Bacon
grape tomatoes,Campari Tomatoes
Cilantro leaves,none
chocolate almond milk,none
mayo,none
salmon,Fresh Atlantic Salmon Boneless Fillet
1. dried parsley,Aglio Olio Seasoning Blend
2. turkey,All Natural Brined Young Turkey (18-22 lbs)
3. scallions,Green Onions
4. red pepper,Chile & Garlic Cashews
5. beans,Black Beans
6. Water,none
7. canola oil,Organic Canola Oil Spray
8. Ground Cinnamon,Ground Cinnamon
9. red pepper flakes,Chile Seasoned Dried Mango
10. worcestershire sauce,none
11. salad mix,Organic Baby Lettuce Mix
12. Pork Tenderloin,"Angus Chuck, Brisket & Sirloin Beef Patties"
13. wasabi,none
14. chives,Organic Green Onions
15. rice vinegar,Rice Vinegar
16. coconut oil,Coconut Crunchy Clusters
17. chili sauce,Chili & Lime Flavored Rolled Corn Tortilla Chips
18. oats,Rolled Oats
19. meat,Choice Premium Angus Beef Flank Steak
20. Fettuccine,Italian Linguine
21. dried chickpeas,none
22. whole-milk yogurt,Greek Whole Milk Yogurt Plain
23. milk,none
24. fat-free yogurt,Greek Nonfat Yogurt Plain
25. vegetable broth,Organic Hearty Vegetable Broth
26. chile powder,Chile Seasoning Blend
27. beets,Organic Beets
28. cornstarch,none
29. ground ginger,none
30. clam juice,none
31. cheddar,Cheddar Cheese with Caramelized Onions
32. corn tortillas,Corn Tortillas
33. chile paste,none
34. seasoning,Aglio Olio Seasoning Blend
35. leek,none
36. all purpose flour,Organic Unbleached All-Purpose Flour
37. light brown sugar,none
38. crushed tomatoes,Organic Diced & Fire Roasted Tomatoes with Green Chiles
39. tomato sauce,Organic Marinara Sauce
40. vodka,none
41. cheese,Unexpected Cheddar Cheese
42. lamb loin chops,none
43. stuffing,none
44. Olive Oil,"Extra Virgin Olive Oil, Liter"
45. unsweetened applesauce,none
46. avocado,Avocado Tzatziki Dip
47. savory,none
48. granola bar,ABC Bars
49. Applesauce,Organic Apple Banana Fruit Sauce Crushers
50. nori,none
51. low-sodium chicken stock,Organic Free Range Chicken Broth
52. peanuts,50% Less Salt Roasted & Salted Peanuts
53. butter lettuce,none
54. waffles,Whole Grain Waffles
55. Cherry Tomatoes,Campari Tomatoes
56. cumin seeds,none
57. parmesan,Grated Parmesan Cheese
58. pork sausage,none
59. green onion,Green Onions
60. rolled oats,Rolled Oats
61. oil,Organic Extra Virgin Olive Oil
62. smoked pork sausage,none
63. Portabello mushrooms,Portabella Mushrooms
64. nonfat plain Greek yogurt,Nonfat Plain Greek Yogurt
65. Lamb,none
66. Seedless Grapes,Sweet Baby Thompson Seedless Grapes
67. plain yoghurt,Plain Whole Milk Greek Yogurt
68. curry powder,none
69. Cucumbers,Organic English Cucumber
70. pomegranate,none
71. chili,none
72. almond butter,Organic Almond Butter
73. Garlic,Garlic & Onion Pistachios
74. marinara sauce,Organic Marinara Sauce
75. salsa verde,none
76. white onion,none
77. ricotta,Part Skim Ricotta Cheese
78. sea salt,Sea Salt Fine Crystals
79. chicken stock,Organic Free Range Chicken Stock
80. lime juice,none
81. dill,none
82. Tomato,Campari Tomatoes
83. low sodium chicken broth,Organic Free Range Chicken Broth
84. quinoa,Organic Tricolor Quinoa
85. granulated sugar,Organic Cane Sugar
86. basil pesto,basil
87. broth,Organic Free Range Chicken Broth
88. Mixed grains,none
89. pine nuts,none
90. provolone cheese,Sliced Provolone Cheese
91. All-purpose flour,Organic Unbleached All-Purpose Flour
92. Tomato Sauce,Organic Marinara Sauce
93. Canadian bacon,none
94. shortening,none
95. Milk,none
96. jalapeños,Jalapeño & Cream Cheese Crispy Wontons
97. scallion,Green Onions
98. jalapeño pepper,Jalapeño & Cream Cheese Crispy Wontons
99. agave nectar,none
100. dried apricots,Simply Amazing Soft Dried Apricots
101. Olive oil,Organic Extra Virgin Olive Oil
102. vanilla extract,Double Fold Bourbon Vanilla Extract
103. fresh rosemary,none
104. prepared horseradish,none
105. granulated onion,none
106. egg yolk,none
107. pork tenderloin,"Angus Chuck, Brisket & Sirloin Beef Patties"
108. Egg Noodles,none
109. gelatin,none
110. Seasoning,Aglio Olio Seasoning Blend
111. lentils,none
112. corn,Organic Sweet & Spicy Pineapple BBQ Sauce
113. fish,Wild Caught Cod Fillets
114. Feta cheese,Feta Cheese
115. dried thyme,none
116. cod,Wild Caught Cod Fillets
117. beef brisket,Choice Premium Angus Beef Flank Steak
118. vegetable oil,none
119. Cardamom Pods,none
120. low fat milk,none
121. Sriracha,Sriracha Sauce
122. Basil,none
123. banana,Bananas
124. mirin,none
125. cooked rice,none
126. agave syrup,none
127. vegetable stock,Organic Hearty Vegetable Broth
128. sake,none
129. Black pepper,Black Peppercorns with Grinder
130. Semi-Sweet Chocolate,Semi-Sweet Chocolate Chips
131. Dijon mustard,Dijon Mustard
132. poached eggs,none
133. Napa cabbage,none
134. olive oil,Organic Extra Virgin Olive Oil
135. canned black beans,Organic Black Beans
136. Broccoli,Organic Brussels Sprouts
137. celery ribs,none
138. Lime Leaves,none
139. cream,none
140. Chicken Bouillon,none
141. masala,none
142. toasted almonds,Dry Roasted & Salted Almonds
143. garlic,Garlic & Onion Pistachios
144. bagel,Almost Everything Bagels
"145. boneless, skinless chicken breasts",Organic Free Range Boneless Skinless Chicken Breasts
146. green bell pepper,none
147. Shallots,none
148. Limes,none
149. fennel,none
150. beef tenderloin,Choice Premium Angus Beef Flank Steak
151. cilantro leaves,cilantro
152. Ketchup,Organic Ketchup
153. guacamole,Organic Chunky Homestyle Guacamole
154. Sole,none
155. whole wheat flour,Organic Whole Wheat Flour
156. jalapenos,Jalapeño & Cream Cheese Crispy Wontons
157. deli roast beef,Sliced Roast Beef
158. cucumber,Organic English Cucumber
159. can black beans,Organic Black Beans
160. button mushrooms,Shiitake Mushrooms
161. Gruyere cheese,New Zealand Sharp Cheddar Cheese
162. sherry,none
"163. skinless, boneless chicken breast halves",Organic Free Range Boneless Skinless Chicken Breasts
164. Nutmeg,none
165. Tortilla,Sonora Style Flour Tortillas
166. mixed greens,Organic Baby Lettuce Mix
167. berries,Blueberries & Cream Yogurt
168. pasta,Organic Fusilli Corti Bucati Pasta
169. Vinegar,Organic Balsamic Vinegar
170. noodles,none
171. cooked turkey,none
172. Velveeta,none
173. basil,none
174. penne,Italian Penne Rigate
175. red wine vinegar,Agrodolce White Wine Vinegar
176. rice noodles,none
177. maple syrup,Pure Grade A Maple Syrup
178. Avocado,Avocado Tzatziki Dip
179. Garbanzo beans,Organic Garbanzo Beans
180. pumpkin puree,none
181. refried beans,Traditional Fat-Free Refried Beans
182. ground turkey,All Natural Ground Chicken
183. cilantro,cilantro
184. five-spice powder,none
185. salad leaves,Organic Baby Lettuce Mix
186. Berry,Organic Strawberries
187. unsalted chicken stock,Organic Free Range Chicken Stock
188. Cream,none
189. fine-grain sea salt,Sea Salt Fine Crystals
190. English muffins,Organic English Muffins
191. apple cider,none
192. cheeses,Unexpected Cheddar Cheese
193. crab meat,none
194. broccoli,Organic Brussels Sprouts
195. wild rice,none
196. cooked chicken breasts,Organic Free Range Boneless Skinless Chicken Breasts
197. Genoa salami,Finocchiona Uncured Salami
198. canned tomatoes,Organic Diced & Fire Roasted Tomatoes with Green Chiles
199. cinnamon,Ground Cinnamon
200. oyster sauce,none
1. roasted turkey breast,All Natural Brined Young Turkey (18-22 lbs)
2. sausage,All Natural Fully Cooked Maple Chicken Breakfast Sausage
3. toasted sesame oil,Chili Sesame Oil
4. Granny Smith apple,Honeycrisp Apples
5. self-rising flour,none
6. yogurt,Greek Whole Milk Yogurt Plain
7. mango,Mango & Cream Bars
8. buns,Brioche Buns
9. Chicken Broth,Organic Free Range Chicken Broth
10. pie crust,none
11. fresh basil,none
12. Semolina flour,none
13. oil-packed tuna,"Solid White Albacore Tuna in Water, Sea Salt Added"
14. poppy seeds,none
15. chilli sauce,Sriracha Sauce
16. turkey breast,All Natural Brined Young Turkey (18-22 lbs)
17. miso paste,none
18. Hummus,Mediterranean Style Hummus
19. Spinach,Organic Baby Spinach
20. salsa,Pico de Gallo Salsa Mild
21. sun-dried tomatoes,none
22. whole wheat wrap,Carb Savvy Tortillas made with Whole Wheat
23. lemon zest,none
24. Sea salt,Sea Salt Fine Crystals
25. Tuna Salad,none
26. lamb shanks,none
27. parsley,none
28. cumin,none
29. dill pickles,Kosher Dill Pickle Chips
30. panko bread crumbs,Panko bread crumbs
31. sandwich bread,Sliced Seedy Multigrain Bread
32. chicken breast,All Natural Pasture Raised Heirloom Chicken Breasts
33. no-boil lasagna,none
34. linguine,none
35. mustard,Dijon Mustard
36. Oil,Organic Extra Virgin Olive Oil
37. rye bread,none
38. Baking Soda,none
39. green onions,Green Onions
40. Gluten Free Chex?granola mix honey nut,none
41. cooked chicken breast,Grilled Chicken Strips
42. Lemon Juice,Organic 100% Sicilian Lemon Juice
43. potatoes,Russet Potatoes
44. bay leaves,none
45. Panko bread crumbs,Panko bread crumbs
46. parmigiano reggiano cheese,none
47. black peppercorns,Black Peppercorns with Grinder
48. black olives,Giant Chalkidiki Olives
49. buckwheat groats,none
50. chile flakes,Green & Red Hatch Chile Flakes
51. roast of beef,Choice Premium Angus Beef Flank Steak
52. kale,Organic Tuscan Kale
53. fish sauce,none
54. cheddar cheese,1000 Day Gouda Cheese
55. Roasted Red Pepper,none
56. cider vinegar,Agrodolce White Wine Vinegar
57. dried cranberries,Sweetened Dried Cranberries
58. yellow pepper,none
59. cracked pepper,Black Peppercorns with Grinder
60. white beans,none
61. extra-virgin olive oil,Cal Pressed California Organic Extra Virgin Olive Oil
62. black pepper,Black Peppercorns with Grinder
63. heavy cream,none
64. Tortillas,Flour Tortillas
65. butter,Cultured Salted Butter
66. green chile,none
67. sourdough bread,Sourdough Boules
68. blueberries,Blueberries
69. radishes,none
70. carrots,Cut and Peeled Carrots
71. Pasta Sauce,Bolognese Style Tomato & Beef Pasta Sauce
72. onions,Jumbo Yellow Onions
73. sweet onions,none
74. Boneless Skinless Chicken Breasts,All Natural Pasture Raised Heirloom Chicken Breasts
75. Cannelloni,none
76. red kidney beans,Organic Red Kidney Beans
77. mayonnaise,Mayonnaise
78. pork - shoulder,none
79. chipotle chile,none
80. flour tortillas,Flour Tortillas
81. 90% lean ground beef,Ground Beef 80% lean / 20% fat
82. brown sugar,none
83. Vegetable Oil,none
84. poblano peppers,none
85. Pita Breads,Pita Chips
86. tahini,none
87. coconut aminos,none
88. powdered sugar,none
89. granulated garlic,none
90. feta cheese,Crumbled Feta
91. low-sodium beef broth,none
92. duck,none
93. cashews,Almonds
94. beef stock,none
95. pizza,Pizza Parlanno
96. all-purpose flour,Organic Unbleached All-Purpose Flour
97. Soy sauce,Soyaki
98. rice,Organic Basmati Rice
99. spinach,Organic Baby Spinach
100. paprika,none
101. whole-wheat bread,Whole Wheat Sliced Bread
102. fresh thyme,none
103. ranch dressing,Buttermilk Ranch Dressing
104. dry white wine,none
105. dried porcini,none
106. water,none
107. Fish Sauce,none
108. tuna steaks,none
109. arugula,Organic Arugula
110. cayenne pepper,none
111. curry paste,none
112. fetta,Chevre Goat Cheese
113. poultry seasoning,none
114. capers,none
115. Mayonnaise,Mayonnaise
116. green cabbage,none
117. bread,Sliced Seedy Multigrain Bread
118. ground cinnamon,Organic Ground Cinnamon
119. Cheddar cheese,1000 Day Gouda Cheese
120. sesame seeds,none
121. pepperoni,Sliced Uncured Pepperoni
122. crushed red pepper,Green & Red Hatch Chile Flakes
123. banana pepper,none
124. coconut flakes,none
125. Plant Based Milk,none
126. balsamic,Organic Balsamic Vinegar
127. Chicken,All Natural Bone-In Skin-On Chicken Thighs
128. spelt flour,none
129. old bay seasonings,none
130. barbecue sauce,Kansas City Style BBQ Sauce
131. White wine vinegar,Organic Balsamic Vinegar
132. white potatoes,Russet Potatoes
133. yoghurt,Greek Whole Milk Yogurt Plain
134. ground pork,none
135. cooking spray,none
136. Baking Powder,Baking Soda
137. vanilla essence,none
138. Soy Sauce,Soyaki
139. White Bread,White Sliced Bread
140. croissant,4 Chocolate Croissants
141. fruit,Organic Strawberries
142. coarse salt,Sea Salt Fine Crystals
143. croutons,none
144. Low Sodium Soy Sauce,Soyaki
145. Sweet Potatoes,Organic Sweet Potatoes
146. Chili Paste,none
147. oregano,none
148. Chicken Thighs,All Natural Pasture Raised Heirloom Chicken Thighs
149. ketchup,Organic Ketchup
150. pancetta,none
151. Kosher salt,Sea Salt Fine Crystals
152. dill pickle,Kosher Dill Pickle Chips
153. bread crumbs,none
154. chilli,none
155. buttermilk,none
156. queso,none
157. beefsteak tomato,none
158. egg yolks,none
159. apple,Organic Apples
160. frozen corn,Organic Super Sweet Cut Corn
161. egg whites,none
162. white cheddar,White Cheddar Cheese
163. Mozzarella Cheese,Fresh Mozzarella Cheese
164. asiago cheese,none
165. cr?e fra?he,none
166. sour cream,Sour Cream
167. Canola oil,none
168. hot sauce,Sriracha Sauce
169. cauliflower,Cauliflower Gnocchi
170. feta,Crumbled Feta Cheese
171. Potato,Organic Gold Potatoes
172. honey,Multi-Floral & Clover Honey
173. dark sesame oil,none
174. Nutritional Yeast,Nutritional Yeast
175. pea shoots,none
176. Turkey bacon,none
177. peanut oil,none
178. lemon juice,Organic 100% Sicilian Lemon Juice
179. ricotta cheese,Part Skim Ricotta Cheese
180. Alfredo Sauce,none
181. baking soda,Baking Soda
182. cooked brown rice,none
183. Paprika,none
184. shitake mushrooms,Shiitake Mushrooms
185. romaine lettuce,Romaine Hearts
186. condensed tomato soup,none
187. fennel seeds,none
188. white vinegar,Organic Raw Apple Cider Vinegar
189. Celery,none
190. okra,none
191. granola,Grainless Granola
192. cremini mushrooms,none
193. Parmesan,Shredded Parmesan Cheese Alternative
194. Mozzarella,Fresh Mozzarella Cheese
195. Salsa,Smooth Salsa
196. English cucumber,Organic English Cucumber
197. asparagus,none
198. cayenne,none
199. smoked salmon,Wild Sockeye Smoked Salmon
200. orange zest,none
Red Onion,none
corn kernels,Organic Sweet & Spicy Pineapple BBQ Sauce
tomato juice,Tomato Basil Marinara Sauce
wraps,Carb Savvy Tortillas made with Whole Wheat
chicken thighs,All Natural Bone-In Skin-On Chicken Thighs
cherrystone clams,none
celery rib,none
haddock,none
apple cider vinegar,Agrodolce White Wine Vinegar
tomato,Campari Tomatoes
Sirloin Steak,"Angus Chuck, Brisket & Sirloin Beef Patties"
light mayonnaise,none
vidalia onions,none
whole milk,none
Saffron,none
tuna,"Solid White Albacore Tuna in Water, No Salt Added"
albacore,"Solid White Albacore Tuna in Water, No Salt Added"
fresh sage,none
Regular Sour Cream,Sour Cream
Portuguese roll,Pão D'Agua Portuguese Rolls
pepper sauce,none
ginger powder,none
frozen peas,none
Salad Dressing,Green Goddess Dressing
Salt,Sea Salt
Chicken Breasts,All Natural Pasture Raised Heirloom Chicken Breasts
whole Tomato,Campari Tomatoes
red onion,none
coleslaw,Cruciferous Crunch Collection
Extra Virgin Olive Oil,Cal Pressed California Organic Extra Virgin Olive Oil
Red Chilies,none
truffle,Truffle Glaze
low-fat sour cream,Cream Cheese
caster sugar,none
celery seed,none
Rice Vinegar,Rice Vinegar
Shrimp,Wild Raw Argentinian Red Shrimp
lemons,none
Eggs,Organic Pasture Raised Large Brown Eggs
Fresh basil,none
white rice,Calrose Rice
naan bread,Tandoori Naan
sauerkraut,none
Thai red curry paste,Thai Red Curry Simmer Sauce
Onion Powder,none
pico de gallo,Cowboy Caviar Salsa
fresh tarragon,none
radicchio,none
sage,none
Persian cucumbers,Organic Persian Cucumbers
yellow bell pepper,Organic Tri-Color Bell Peppers
grapes,Red and Green Grapes Duo
ground turmeric,none
coriander seeds,none
Cooked Chicken,Premium Chunk White Chicken
blue cheese,none
lager,none
rapeseed oil,none
eggs,Organic Pasture Raised Large Brown Eggs
ham,Sliced Applewood Smoked Uncured Ham
nonfat milk,none
chia seeds,none
cornmeal,none
stock,none
pepperoncini peppers,none
iceberg lettuce,none
ground lamb,none
bulgur wheat,none
Chili powder,Chile Seasoned Dried Mango
cocoa,none
can diced tomatoes,Organic Diced & Fire Roasted Tomatoes with Green Chiles
Kaiser rolls,none
sweet onion,none
Greek yogurt,Greek Whole Milk Yogurt Plain
harissa,none
yukon gold,none
puff pastry,All Butter Puff Pastry Sheets
Pasta,Italian Penne Rigate
whole-milk ricotta cheese,Traditional Whole Milk Ricotta Cheese
tortilla chips,Organic Blue Corn Tortilla Chips
Sea Salt,Sea Salt
black beans,Black Beans
cinnamon raisin bagels,Cinnamon Raisin Bagels
pork rib chops,none
grapeseed oil,none
Egg,Organic Pasture Raised Large Brown Eggs
Old Bay seasoning,none
reduced-fat mayonnaise,none
ground nutmeg,none
chicken broth,Organic Free Range Chicken Broth
baking powder,none
Eggplant,none
carrot,none
gruyere,Cheddar & Gruyere Mélange Cheese
pickle relish,none
Provolone cheese,Sliced Provolone Cheese
tomatoes,Campari Tomatoes
plum tomatoes,none
Parmesan cheese,Grated Parmesan Cheese
Buttermilk,"Buttermilk Quarters, Buttermilk"
broccoli florets,Organic Brussels Sprouts
whole wheat bread,Organic Seeded Bread
dijon mustard,Dijon Mustard
nutmeg,none
Hot sauce,none
chocolate chips,Semi-Sweet Chocolate Chips
pumpkin bread,Pumpkin Bread & Muffin Mix
Lemon,none
white sugar,none
spaghetti,Italian Spaghetti
cherry tomato,Campari Tomatoes
lobster,none
red wine,none
BBQ sauce,BBQ Sauce
unsweetened almond milk,none
Kale,Organic Tuscan Kale
skinless chicken thighs,none
chili paste,none
apple sauce,none
ground cloves,none
Yogurt,Organic Whole Milk Yogurt
cooked wild rice,none
Sugar,Organic Cane Sugar
swordfish steak,none
soy sauce,Soy Sauce Reduced Sodium
rosemary,none
nonfat Greek yogurt,Greek Nonfat Yogurt Plain
lemon,none
yeast,none
hazelnuts,none
heavy (whipping) cream,Heavy Whipping Cream
Mexican blend cheese,none
honey roasted peanuts,Honey Roasted Peanuts
stevia,none
turkey sausage,All Natural Fully Cooked Maple Chicken Breakfast Sausage
hot pepper,none
green beans,Extra Fine French Green Beans
Sesame seeds,none
Sausage,none
Queso cotija,none
wheat wrap,none
mushroom,Shiitake Mushrooms
acorn squash,none
flour tortilla,Flour Tortillas
White pepper,none
taco seasoning,Taco Seasoning Mix
chicken,All Natural Pasture Raised Heirloom Chicken Breasts
Steamed Basmati rice,Organic Basmati Rice
walnuts,none
Lettuce,Organic Baby Lettuce Mix
pineapple,Organic Pineapple Chunks
bananas,Organic Bananas
Mustard,Whole Grain Dijon Mustard
coffee,none
flour,Organic Unbleached All-Purpose Flour
flatbread,Garlic Indian Style Flatbread
parmesan cheese,Grated Parmesan Cheese
Tabasco sauce,none
Pecorino Romano,none
Parmigiano-Reggiano,none
white wine vinegar,Agrodolce White Wine Vinegar
Swiss cheese,none
pesto sauce,Organic Basil Pesto
Parsley,none
canned pumpkin,Pumpkin
halibut,none
Marinara sauce,Tomato Basil Marinara Sauce
whole wheat tortillas,Carb Savvy Tortillas made with Whole Wheat
unsalted butter,Cultured Salted Butter
onion powder,none
vinegar,Organic Raw Apple Cider Vinegar
Brown Sugar,Organic Cane Sugar
sweet pickle,none
low-sodium soy sauce,Soy Sauce Reduced Sodium
leg of lamb,none
scallion greens,none
yellow onion,none
sugar snap peas,Snow Peas
tortillas,Carb Savvy Tortillas made with Whole Wheat
shrimp,Wild Raw Argentinian Red Shrimp
Parmigiano-Reggiano cheese,none
brown rice,Organic Brown Rice
mozzarella,Fresh Mozzarella Cheese
onion,none
Vanilla Extract,Pure Bourbon Vanilla Extract
Sweet Potato Fries,Sweet Potato Fries
mashed potatoes,Mashed Potatoes
boneless skinless chicken breasts,All Natural Pasture Raised Heirloom Chicken Breasts
ground pepper,Black Peppercorns with Grinder
green pepper,none
Pizza Crust,none
caraway seeds,none
Monterey Jack,none
wheat bread,Organic Seeded Bread
old fashioned oats,Oven Toasted Old Fashioned Organic Oats
Whipping cream,Cultured Salted Butter
Italian bread,none
cans chickpeas,none
cream cheese,Cream Cheese
goat cheese,Chevre Goat Cheese
- cooked bacon,Fully Cooked Uncured Bacon
- avocado oil,Avocado Oil
- fresh ginger,none
- almond Milk,Vanilla Cultured Coconut Milk
- salt,Sea Salt Fine Crystals
- lime,none
"- boneless, skinless chicken breast",Organic Free Range Boneless Skinless Chicken Breasts
- greens beans,Extra Fine French Green Beans
- pieces Lemon,Organic 100% Sicilian Lemon Juice
- All Spice,none
- smoked paprika,Smoked Paprika
- 2% Greek yogurt,Greek Whole Milk Yogurt Plain
- mint,none
- roma tomato,Campari Tomatoes
- American cheese,Cheddar Cheese with Caramelized Onions
- Cornstarch,none
- table salt,Sea Salt Fine Crystals
- duck fat,none
- marinated artichoke,Marinated Artichokes On The Go
